estrategia,vectores,dimension,k,consulta,latencia_ms,distancias,registros_examinados,page_reads,buffer_hits,buffer_misses,filas
topk,1000,64,10,0,0.608427,1000,1000,67,1000,67,10
topk,1000,64,10,1,0.588047,1000,1000,67,1000,67,10
topk,1000,64,10,2,0.595923,1000,1000,67,1000,67,10
topk,1000,64,10,3,0.600291,1000,1000,67,1000,67,10
topk,1000,64,10,4,0.591064,1000,1000,67,1000,67,10
topk,1000,64,10,5,0.587737,1000,1000,67,1000,67,10
topk,1000,64,10,6,0.586464,1000,1000,67,1000,67,10
topk,1000,64,10,7,0.589350,1000,1000,67,1000,67,10
topk,1000,64,10,8,0.589290,1000,1000,67,1000,67,10
topk,1000,64,10,9,0.585423,1000,1000,67,1000,67,10
topk,1000,64,10,10,0.594450,1000,1000,67,1000,67,10
topk,1000,64,10,11,0.592156,1000,1000,67,1000,67,10
topk,1000,64,10,12,0.586876,1000,1000,67,1000,67,10
topk,1000,64,10,13,0.597757,1000,1000,67,1000,67,10
topk,1000,64,10,14,0.583779,1000,1000,67,1000,67,10
topk,1000,64,10,15,0.590152,1000,1000,67,1000,67,10
topk,1000,64,10,16,0.593819,1000,1000,67,1000,67,10
topk,1000,64,10,17,0.583109,1000,1000,67,1000,67,10
topk,1000,64,10,18,0.590653,1000,1000,67,1000,67,10
topk,1000,64,10,19,0.586635,1000,1000,67,1000,67,10
topk,1000,64,10,20,0.591113,1000,1000,67,1000,67,10
topk,1000,64,10,21,0.591253,1000,1000,67,1000,67,10
topk,1000,64,10,22,0.586123,1000,1000,67,1000,67,10
topk,1000,64,10,23,0.593087,1000,1000,67,1000,67,10
topk,1000,64,10,24,0.586615,1000,1000,67,1000,67,10
topk,1000,64,10,25,0.595111,1000,1000,67,1000,67,10
topk,1000,64,10,26,0.590142,1000,1000,67,1000,67,10
topk,1000,64,10,27,0.587577,1000,1000,67,1000,67,10
topk,1000,64,10,28,0.591855,1000,1000,67,1000,67,10
topk,1000,64,10,29,0.587336,1000,1000,67,1000,67,10
fullsort,1000,64,10,0,0.749948,1000,1000,67,1000,67,10
fullsort,1000,64,10,1,0.777902,1000,1000,67,1000,67,10
fullsort,1000,64,10,2,0.766580,1000,1000,67,1000,67,10
fullsort,1000,64,10,3,0.758344,1000,1000,67,1000,67,10
fullsort,1000,64,10,4,0.764816,1000,1000,67,1000,67,10
fullsort,1000,64,10,5,0.765888,1000,1000,67,1000,67,10
fullsort,1000,64,10,6,0.955262,1000,1000,67,1000,67,10
fullsort,1000,64,10,7,0.943258,1000,1000,67,1000,67,10
fullsort,1000,64,10,8,0.775126,1000,1000,67,1000,67,10
fullsort,1000,64,10,9,0.765037,1000,1000,67,1000,67,10
fullsort,1000,64,10,10,0.754307,1000,1000,67,1000,67,10
fullsort,1000,64,10,11,0.763875,1000,1000,67,1000,67,10
fullsort,1000,64,10,12,0.762503,1000,1000,67,1000,67,10
fullsort,1000,64,10,13,0.762923,1000,1000,67,1000,67,10
fullsort,1000,64,10,14,0.757633,1000,1000,67,1000,67,10
fullsort,1000,64,10,15,0.767913,1000,1000,67,1000,67,10
fullsort,1000,64,10,16,0.765358,1000,1000,67,1000,67,10
fullsort,1000,64,10,17,0.764737,1000,1000,67,1000,67,10
fullsort,1000,64,10,18,0.769796,1000,1000,67,1000,67,10
fullsort,1000,64,10,19,0.755910,1000,1000,67,1000,67,10
fullsort,1000,64,10,20,0.762703,1000,1000,67,1000,67,10
fullsort,1000,64,10,21,0.765208,1000,1000,67,1000,67,10
fullsort,1000,64,10,22,0.765999,1000,1000,67,1000,67,10
fullsort,1000,64,10,23,0.754116,1000,1000,67,1000,67,10
fullsort,1000,64,10,24,0.758404,1000,1000,67,1000,67,10
fullsort,1000,64,10,25,0.758534,1000,1000,67,1000,67,10
fullsort,1000,64,10,26,0.759437,1000,1000,67,1000,67,10
fullsort,1000,64,10,27,0.792820,1000,1000,67,1000,67,10
fullsort,1000,64,10,28,0.783653,1000,1000,67,1000,67,10
fullsort,1000,64,10,29,0.765528,1000,1000,67,1000,67,10
topk,10000,16,10,0,2.987208,10000,10000,200,10000,200,10
topk,10000,16,10,1,2.964554,10000,10000,200,10000,200,10
topk,10000,16,10,2,3.020933,10000,10000,200,10000,200,10
topk,10000,16,10,3,2.958042,10000,10000,200,10000,200,10
topk,10000,16,10,4,2.929798,10000,10000,200,10000,200,10
topk,10000,16,10,5,2.926432,10000,10000,200,10000,200,10
topk,10000,16,10,6,2.985384,10000,10000,200,10000,200,10
topk,10000,16,10,7,2.951279,10000,10000,200,10000,200,10
topk,10000,16,10,8,2.929538,10000,10000,200,10000,200,10
topk,10000,16,10,9,2.987018,10000,10000,200,10000,200,10
topk,10000,16,10,10,2.982008,10000,10000,200,10000,200,10
topk,10000,16,10,11,2.974533,10000,10000,200,10000,200,10
topk,10000,16,10,12,2.965166,10000,10000,200,10000,200,10
topk,10000,16,10,13,2.936822,10000,10000,200,10000,200,10
topk,10000,16,10,14,2.934257,10000,10000,200,10000,200,10
topk,10000,16,10,15,2.925630,10000,10000,200,10000,200,10
topk,10000,16,10,16,2.944446,10000,10000,200,10000,200,10
topk,10000,16,10,17,2.960587,10000,10000,200,10000,200,10
topk,10000,16,10,18,2.925429,10000,10000,200,10000,200,10
topk,10000,16,10,19,2.983061,10000,10000,200,10000,200,10
topk,10000,16,10,20,2.931992,10000,10000,200,10000,200,10
topk,10000,16,10,21,2.957862,10000,10000,200,10000,200,10
topk,10000,16,10,22,2.933845,10000,10000,200,10000,200,10
topk,10000,16,10,23,2.945418,10000,10000,200,10000,200,10
topk,10000,16,10,24,2.928054,10000,10000,200,10000,200,10
topk,10000,16,10,25,2.924718,10000,10000,200,10000,200,10
topk,10000,16,10,26,2.949816,10000,10000,200,10000,200,10
topk,10000,16,10,27,2.962230,10000,10000,200,10000,200,10
topk,10000,16,10,28,2.952091,10000,10000,200,10000,200,10
topk,10000,16,10,29,2.985815,10000,10000,200,10000,200,10
fullsort,10000,16,10,0,5.056876,10000,10000,200,10000,200,10
fullsort,10000,16,10,1,4.929593,10000,10000,200,10000,200,10
fullsort,10000,16,10,2,4.810774,10000,10000,200,10000,200,10
fullsort,10000,16,10,3,4.813750,10000,10000,200,10000,200,10
fullsort,10000,16,10,4,5.028522,10000,10000,200,10000,200,10
fullsort,10000,16,10,5,5.048180,10000,10000,200,10000,200,10
fullsort,10000,16,10,6,4.835743,10000,10000,200,10000,200,10
fullsort,10000,16,10,7,4.817217,10000,10000,200,10000,200,10
fullsort,10000,16,10,8,4.848908,10000,10000,200,10000,200,10
fullsort,10000,16,10,9,5.082556,10000,10000,200,10000,200,10
fullsort,10000,16,10,10,4.974209,10000,10000,200,10000,200,10
fullsort,10000,16,10,11,4.916447,10000,10000,200,10000,200,10
fullsort,10000,16,10,12,4.870109,10000,10000,200,10000,200,10
fullsort,10000,16,10,13,4.975231,10000,10000,200,10000,200,10
fullsort,10000,16,10,14,4.934081,10000,10000,200,10000,200,10
fullsort,10000,16,10,15,4.906919,10000,10000,200,10000,200,10
fullsort,10000,16,10,16,4.826815,10000,10000,200,10000,200,10
fullsort,10000,16,10,17,4.874848,10000,10000,200,10000,200,10
fullsort,10000,16,10,18,5.071906,10000,10000,200,10000,200,10
fullsort,10000,16,10,19,5.115740,10000,10000,200,10000,200,10
fullsort,10000,16,10,20,4.890998,10000,10000,200,10000,200,10
fullsort,10000,16,10,21,5.020658,10000,10000,200,10000,200,10
fullsort,10000,16,10,22,4.905006,10000,10000,200,10000,200,10
fullsort,10000,16,10,23,4.914394,10000,10000,200,10000,200,10
fullsort,10000,16,10,24,4.882422,10000,10000,200,10000,200,10
fullsort,10000,16,10,25,4.820795,10000,10000,200,10000,200,10
fullsort,10000,16,10,26,4.795195,10000,10000,200,10000,200,10
fullsort,10000,16,10,27,4.807729,10000,10000,200,10000,200,10
fullsort,10000,16,10,28,4.982374,10000,10000,200,10000,200,10
fullsort,10000,16,10,29,4.932809,10000,10000,200,10000,200,10
topk,10000,32,10,0,3.834363,10000,10000,358,10000,358,10
topk,10000,32,10,1,3.757455,10000,10000,358,10000,358,10
topk,10000,32,10,2,3.693573,10000,10000,358,10000,358,10
topk,10000,32,10,3,3.690015,10000,10000,358,10000,358,10
topk,10000,32,10,4,3.682692,10000,10000,358,10000,358,10
topk,10000,32,10,5,3.686469,10000,10000,358,10000,358,10
topk,10000,32,10,6,3.755942,10000,10000,358,10000,358,10
topk,10000,32,10,7,3.674446,10000,10000,358,10000,358,10
topk,10000,32,10,8,3.678033,10000,10000,358,10000,358,10
topk,10000,32,10,9,3.684174,10000,10000,358,10000,358,10
topk,10000,32,10,10,3.679766,10000,10000,358,10000,358,10
topk,10000,32,10,11,3.683313,10000,10000,358,10000,358,10
topk,10000,32,10,12,3.686148,10000,10000,358,10000,358,10
topk,10000,32,10,13,3.670829,10000,10000,358,10000,358,10
topk,10000,32,10,14,3.698913,10000,10000,358,10000,358,10
topk,10000,32,10,15,3.682562,10000,10000,358,10000,358,10
topk,10000,32,10,16,3.676981,10000,10000,358,10000,358,10
topk,10000,32,10,17,3.676551,10000,10000,358,10000,358,10
topk,10000,32,10,18,3.675158,10000,10000,358,10000,358,10
topk,10000,32,10,19,3.675047,10000,10000,358,10000,358,10
topk,10000,32,10,20,3.668174,10000,10000,358,10000,358,10
topk,10000,32,10,21,3.679034,10000,10000,358,10000,358,10
topk,10000,32,10,22,3.789246,10000,10000,358,10000,358,10
topk,10000,32,10,23,3.675257,10000,10000,358,10000,358,10
topk,10000,32,10,24,3.683754,10000,10000,358,10000,358,10
topk,10000,32,10,25,3.670950,10000,10000,358,10000,358,10
topk,10000,32,10,26,3.683103,10000,10000,358,10000,358,10
topk,10000,32,10,27,3.677322,10000,10000,358,10000,358,10
topk,10000,32,10,28,3.678193,10000,10000,358,10000,358,10
topk,10000,32,10,29,3.679495,10000,10000,358,10000,358,10
fullsort,10000,32,10,0,5.857131,10000,10000,358,10000,358,10
fullsort,10000,32,10,1,5.653991,10000,10000,358,10000,358,10
fullsort,10000,32,10,2,5.696814,10000,10000,358,10000,358,10
fullsort,10000,32,10,3,5.678078,10000,10000,358,10000,358,10
fullsort,10000,32,10,4,5.754415,10000,10000,358,10000,358,10
fullsort,10000,32,10,5,5.678699,10000,10000,358,10000,358,10
fullsort,10000,32,10,6,5.678328,10000,10000,358,10000,358,10
fullsort,10000,32,10,7,5.644875,10000,10000,358,10000,358,10
fullsort,10000,32,10,8,5.822875,10000,10000,358,10000,358,10
fullsort,10000,32,10,9,5.823147,10000,10000,358,10000,358,10
fullsort,10000,32,10,10,5.656957,10000,10000,358,10000,358,10
fullsort,10000,32,10,11,5.653521,10000,10000,358,10000,358,10
fullsort,10000,32,10,12,5.822996,10000,10000,358,10000,358,10
fullsort,10000,32,10,13,5.846621,10000,10000,358,10000,358,10
fullsort,10000,32,10,14,5.797717,10000,10000,358,10000,358,10
fullsort,10000,32,10,15,5.743203,10000,10000,358,10000,358,10
fullsort,10000,32,10,16,5.885115,10000,10000,358,10000,358,10
fullsort,10000,32,10,17,5.900495,10000,10000,358,10000,358,10
fullsort,10000,32,10,18,5.686805,10000,10000,358,10000,358,10
fullsort,10000,32,10,19,5.673199,10000,10000,358,10000,358,10
fullsort,10000,32,10,20,5.802757,10000,10000,358,10000,358,10
fullsort,10000,32,10,21,5.694730,10000,10000,358,10000,358,10
fullsort,10000,32,10,22,5.715540,10000,10000,358,10000,358,10
fullsort,10000,32,10,23,5.709208,10000,10000,358,10000,358,10
fullsort,10000,32,10,24,5.823758,10000,10000,358,10000,358,10
fullsort,10000,32,10,25,5.913159,10000,10000,358,10000,358,10
fullsort,10000,32,10,26,5.836021,10000,10000,358,10000,358,10
fullsort,10000,32,10,27,5.867952,10000,10000,358,10000,358,10
fullsort,10000,32,10,28,5.767570,10000,10000,358,10000,358,10
fullsort,10000,32,10,29,5.657679,10000,10000,358,10000,358,10
topk,10000,64,1,0,6.271948,10000,10000,710,10000,710,1
topk,10000,64,1,1,6.256528,10000,10000,710,10000,710,1
topk,10000,64,1,2,6.526565,10000,10000,710,10000,710,1
topk,10000,64,1,3,6.086882,10000,10000,710,10000,710,1
topk,10000,64,1,4,6.063668,10000,10000,710,10000,710,1
topk,10000,64,1,5,6.079208,10000,10000,710,10000,710,1
topk,10000,64,1,6,6.060351,10000,10000,710,10000,710,1
topk,10000,64,1,7,6.075260,10000,10000,710,10000,710,1
topk,10000,64,1,8,6.067295,10000,10000,710,10000,710,1
topk,10000,64,1,9,6.072164,10000,10000,710,10000,710,1
topk,10000,64,1,10,6.083526,10000,10000,710,10000,710,1
topk,10000,64,1,11,6.063287,10000,10000,710,10000,710,1
topk,10000,64,1,12,6.074348,10000,10000,710,10000,710,1
topk,10000,64,1,13,6.055572,10000,10000,710,10000,710,1
topk,10000,64,1,14,6.138281,10000,10000,710,10000,710,1
topk,10000,64,1,15,6.103875,10000,10000,710,10000,710,1
topk,10000,64,1,16,6.060622,10000,10000,710,10000,710,1
topk,10000,64,1,17,6.064329,10000,10000,710,10000,710,1
topk,10000,64,1,18,6.074669,10000,10000,710,10000,710,1
topk,10000,64,1,19,6.053238,10000,10000,710,10000,710,1
topk,10000,64,1,20,6.075230,10000,10000,710,10000,710,1
topk,10000,64,1,21,6.051905,10000,10000,710,10000,710,1
topk,10000,64,1,22,6.057997,10000,10000,710,10000,710,1
topk,10000,64,1,23,6.053919,10000,10000,710,10000,710,1
topk,10000,64,1,24,6.057285,10000,10000,710,10000,710,1
topk,10000,64,1,25,6.073477,10000,10000,710,10000,710,1
topk,10000,64,1,26,6.055132,10000,10000,710,10000,710,1
topk,10000,64,1,27,6.071442,10000,10000,710,10000,710,1
topk,10000,64,1,28,6.057366,10000,10000,710,10000,710,1
topk,10000,64,1,29,6.049541,10000,10000,710,10000,710,1
fullsort,10000,64,1,0,8.562790,10000,10000,710,10000,710,1
fullsort,10000,64,1,1,8.348589,10000,10000,710,10000,710,1
fullsort,10000,64,1,2,8.433873,10000,10000,710,10000,710,1
fullsort,10000,64,1,3,8.315657,10000,10000,710,10000,710,1
fullsort,10000,64,1,4,8.340394,10000,10000,710,10000,710,1
fullsort,10000,64,1,5,8.341826,10000,10000,710,10000,710,1
fullsort,10000,64,1,6,8.306799,10000,10000,710,10000,710,1
fullsort,10000,64,1,7,8.340043,10000,10000,710,10000,710,1
fullsort,10000,64,1,8,8.286180,10000,10000,710,10000,710,1
fullsort,10000,64,1,9,8.332138,10000,10000,710,10000,710,1
fullsort,10000,64,1,10,8.351505,10000,10000,710,10000,710,1
fullsort,10000,64,1,11,8.320295,10000,10000,710,10000,710,1
fullsort,10000,64,1,12,8.336616,10000,10000,710,10000,710,1
fullsort,10000,64,1,13,8.315976,10000,10000,710,10000,710,1
fullsort,10000,64,1,14,8.349562,10000,10000,710,10000,710,1
fullsort,10000,64,1,15,8.287562,10000,10000,710,10000,710,1
fullsort,10000,64,1,16,8.551880,10000,10000,710,10000,710,1
fullsort,10000,64,1,17,8.564183,10000,10000,710,10000,710,1
fullsort,10000,64,1,18,8.491795,10000,10000,710,10000,710,1
fullsort,10000,64,1,19,8.516622,10000,10000,710,10000,710,1
fullsort,10000,64,1,20,8.449373,10000,10000,710,10000,710,1
fullsort,10000,64,1,21,8.413705,10000,10000,710,10000,710,1
fullsort,10000,64,1,22,8.330975,10000,10000,710,10000,710,1
fullsort,10000,64,1,23,8.375762,10000,10000,710,10000,710,1
fullsort,10000,64,1,24,8.434303,10000,10000,710,10000,710,1
fullsort,10000,64,1,25,8.532953,10000,10000,710,10000,710,1
fullsort,10000,64,1,26,8.300727,10000,10000,710,10000,710,1
fullsort,10000,64,1,27,8.391983,10000,10000,710,10000,710,1
fullsort,10000,64,1,28,8.369118,10000,10000,710,10000,710,1
fullsort,10000,64,1,29,8.354060,10000,10000,710,10000,710,1
topk,10000,64,5,0,5.977923,10000,10000,710,10000,710,5
topk,10000,64,5,1,6.042357,10000,10000,710,10000,710,5
topk,10000,64,5,2,6.011208,10000,10000,710,10000,710,5
topk,10000,64,5,3,5.950551,10000,10000,710,10000,710,5
topk,10000,64,5,4,5.918429,10000,10000,710,10000,710,5
topk,10000,64,5,5,5.835871,10000,10000,710,10000,710,5
topk,10000,64,5,6,5.805974,10000,10000,710,10000,710,5
topk,10000,64,5,7,5.873884,10000,10000,710,10000,710,5
topk,10000,64,5,8,5.835280,10000,10000,710,10000,710,5
topk,10000,64,5,9,5.808308,10000,10000,710,10000,710,5
topk,10000,64,5,10,5.857373,10000,10000,710,10000,710,5
topk,10000,64,5,11,5.814150,10000,10000,710,10000,710,5
topk,10000,64,5,12,6.063047,10000,10000,710,10000,710,5
topk,10000,64,5,13,6.200741,10000,10000,710,10000,710,5
topk,10000,64,5,14,5.964829,10000,10000,710,10000,710,5
topk,10000,64,5,15,5.926926,10000,10000,710,10000,710,5
topk,10000,64,5,16,5.904613,10000,10000,710,10000,710,5
topk,10000,64,5,17,6.026316,10000,10000,710,10000,710,5
topk,10000,64,5,18,5.923760,10000,10000,710,10000,710,5
topk,10000,64,5,19,5.943819,10000,10000,710,10000,710,5
topk,10000,64,5,20,5.913971,10000,10000,710,10000,710,5
topk,10000,64,5,21,5.882220,10000,10000,710,10000,710,5
topk,10000,64,5,22,5.843235,10000,10000,710,10000,710,5
topk,10000,64,5,23,6.074118,10000,10000,710,10000,710,5
topk,10000,64,5,24,5.866059,10000,10000,710,10000,710,5
topk,10000,64,5,25,5.814952,10000,10000,710,10000,710,5
topk,10000,64,5,26,5.886869,10000,10000,710,10000,710,5
topk,10000,64,5,27,5.858465,10000,10000,710,10000,710,5
topk,10000,64,5,28,5.803249,10000,10000,710,10000,710,5
topk,10000,64,5,29,5.828948,10000,10000,710,10000,710,5
fullsort,10000,64,5,0,8.284998,10000,10000,710,10000,710,5
fullsort,10000,64,5,1,8.211888,10000,10000,710,10000,710,5
fullsort,10000,64,5,2,8.425117,10000,10000,710,10000,710,5
fullsort,10000,64,5,3,8.112958,10000,10000,710,10000,710,5
fullsort,10000,64,5,4,8.033986,10000,10000,710,10000,710,5
fullsort,10000,64,5,5,8.891952,10000,10000,710,10000,710,5
fullsort,10000,64,5,6,10.274443,10000,10000,710,10000,710,5
fullsort,10000,64,5,7,8.235323,10000,10000,710,10000,710,5
fullsort,10000,64,5,8,8.140070,10000,10000,710,10000,710,5
fullsort,10000,64,5,9,9.675565,10000,10000,710,10000,710,5
fullsort,10000,64,5,10,9.042901,10000,10000,710,10000,710,5
fullsort,10000,64,5,11,8.101977,10000,10000,710,10000,710,5
fullsort,10000,64,5,12,7.978911,10000,10000,710,10000,710,5
fullsort,10000,64,5,13,7.981475,10000,10000,710,10000,710,5
fullsort,10000,64,5,14,7.983770,10000,10000,710,10000,710,5
fullsort,10000,64,5,15,8.041781,10000,10000,710,10000,710,5
fullsort,10000,64,5,16,7.982157,10000,10000,710,10000,710,5
fullsort,10000,64,5,17,8.159317,10000,10000,710,10000,710,5
fullsort,10000,64,5,18,8.010131,10000,10000,710,10000,710,5
fullsort,10000,64,5,19,7.967068,10000,10000,710,10000,710,5
fullsort,10000,64,5,20,7.967208,10000,10000,710,10000,710,5
fullsort,10000,64,5,21,8.030350,10000,10000,710,10000,710,5
fullsort,10000,64,5,22,8.093551,10000,10000,710,10000,710,5
fullsort,10000,64,5,23,8.057201,10000,10000,710,10000,710,5
fullsort,10000,64,5,24,8.057472,10000,10000,710,10000,710,5
fullsort,10000,64,5,25,8.065096,10000,10000,710,10000,710,5
fullsort,10000,64,5,26,8.050659,10000,10000,710,10000,710,5
fullsort,10000,64,5,27,8.016353,10000,10000,710,10000,710,5
fullsort,10000,64,5,28,8.095866,10000,10000,710,10000,710,5
fullsort,10000,64,5,29,8.035760,10000,10000,710,10000,710,5
topk,10000,64,10,0,5.997452,10000,10000,710,10000,710,10
topk,10000,64,10,1,6.010205,10000,10000,710,10000,710,10
topk,10000,64,10,2,5.906838,10000,10000,710,10000,710,10
topk,10000,64,10,3,5.877141,10000,10000,710,10000,710,10
topk,10000,64,10,4,5.841382,10000,10000,710,10000,710,10
topk,10000,64,10,5,5.869677,10000,10000,710,10000,710,10
topk,10000,64,10,6,5.897219,10000,10000,710,10000,710,10
topk,10000,64,10,7,6.249164,10000,10000,710,10000,710,10
topk,10000,64,10,8,5.920203,10000,10000,710,10000,710,10
topk,10000,64,10,9,5.838907,10000,10000,710,10000,710,10
topk,10000,64,10,10,5.824800,10000,10000,710,10000,710,10
topk,10000,64,10,11,5.821704,10000,10000,710,10000,710,10
topk,10000,64,10,12,5.847494,10000,10000,710,10000,710,10
topk,10000,64,10,13,5.850499,10000,10000,710,10000,710,10
topk,10000,64,10,14,5.813037,10000,10000,710,10000,710,10
topk,10000,64,10,15,5.816113,10000,10000,710,10000,710,10
topk,10000,64,10,16,5.899935,10000,10000,710,10000,710,10
topk,10000,64,10,17,5.849067,10000,10000,710,10000,710,10
topk,10000,64,10,18,6.013833,10000,10000,710,10000,710,10
topk,10000,64,10,19,5.848796,10000,10000,710,10000,710,10
topk,10000,64,10,20,5.839599,10000,10000,710,10000,710,10
topk,10000,64,10,21,5.817967,10000,10000,710,10000,710,10
topk,10000,64,10,22,5.831914,10000,10000,710,10000,710,10
topk,10000,64,10,23,5.820592,10000,10000,710,10000,710,10
topk,10000,64,10,24,5.908781,10000,10000,710,10000,710,10
topk,10000,64,10,25,5.829610,10000,10000,710,10000,710,10
topk,10000,64,10,26,5.816374,10000,10000,710,10000,710,10
topk,10000,64,10,27,5.846281,10000,10000,710,10000,710,10
topk,10000,64,10,28,5.821844,10000,10000,710,10000,710,10
topk,10000,64,10,29,5.808880,10000,10000,710,10000,710,10
fullsort,10000,64,10,0,8.072741,10000,10000,710,10000,710,10
fullsort,10000,64,10,1,8.011203,10000,10000,710,10000,710,10
fullsort,10000,64,10,2,8.141132,10000,10000,710,10000,710,10
fullsort,10000,64,10,3,7.858490,10000,10000,710,10000,710,10
fullsort,10000,64,10,4,7.839334,10000,10000,710,10000,710,10
fullsort,10000,64,10,5,7.993730,10000,10000,710,10000,710,10
fullsort,10000,64,10,6,8.023086,10000,10000,710,10000,710,10
fullsort,10000,64,10,7,7.895041,10000,10000,710,10000,710,10
fullsort,10000,64,10,8,8.740511,10000,10000,710,10000,710,10
fullsort,10000,64,10,9,8.115734,10000,10000,710,10000,710,10
fullsort,10000,64,10,10,7.930679,10000,10000,710,10000,710,10
fullsort,10000,64,10,11,7.931400,10000,10000,710,10000,710,10
fullsort,10000,64,10,12,7.886474,10000,10000,710,10000,710,10
fullsort,10000,64,10,13,7.930970,10000,10000,710,10000,710,10
fullsort,10000,64,10,14,7.954534,10000,10000,710,10000,710,10
fullsort,10000,64,10,15,7.918375,10000,10000,710,10000,710,10
fullsort,10000,64,10,16,7.834253,10000,10000,710,10000,710,10
fullsort,10000,64,10,17,7.920689,10000,10000,710,10000,710,10
fullsort,10000,64,10,18,7.951218,10000,10000,710,10000,710,10
fullsort,10000,64,10,19,7.926160,10000,10000,710,10000,710,10
fullsort,10000,64,10,20,7.891354,10000,10000,710,10000,710,10
fullsort,10000,64,10,21,8.039427,10000,10000,710,10000,710,10
fullsort,10000,64,10,22,8.025681,10000,10000,710,10000,710,10
fullsort,10000,64,10,23,8.025531,10000,10000,710,10000,710,10
fullsort,10000,64,10,24,8.026823,10000,10000,710,10000,710,10
fullsort,10000,64,10,25,7.921741,10000,10000,710,10000,710,10
fullsort,10000,64,10,26,7.902555,10000,10000,710,10000,710,10
fullsort,10000,64,10,27,7.932412,10000,10000,710,10000,710,10
fullsort,10000,64,10,28,7.892074,10000,10000,710,10000,710,10
fullsort,10000,64,10,29,7.923565,10000,10000,710,10000,710,10
topk,10000,64,20,0,6.148802,10000,10000,710,10000,710,20
topk,10000,64,20,1,6.252861,10000,10000,710,10000,710,20
topk,10000,64,20,2,6.141317,10000,10000,710,10000,710,20
topk,10000,64,20,3,6.258322,10000,10000,710,10000,710,20
topk,10000,64,20,4,6.163019,10000,10000,710,10000,710,20
topk,10000,64,20,5,6.061625,10000,10000,710,10000,710,20
topk,10000,64,20,6,5.999305,10000,10000,710,10000,710,20
topk,10000,64,20,7,5.986982,10000,10000,710,10000,710,20
topk,10000,64,20,8,6.013141,10000,10000,710,10000,710,20
topk,10000,64,20,9,5.993133,10000,10000,710,10000,710,20
topk,10000,64,20,10,6.004455,10000,10000,710,10000,710,20
topk,10000,64,20,11,6.021608,10000,10000,710,10000,710,20
topk,10000,64,20,12,6.015817,10000,10000,710,10000,710,20
topk,10000,64,20,13,6.052757,10000,10000,710,10000,710,20
topk,10000,64,20,14,6.053008,10000,10000,710,10000,710,20
topk,10000,64,20,15,6.028973,10000,10000,710,10000,710,20
topk,10000,64,20,16,6.165584,10000,10000,710,10000,710,20
topk,10000,64,20,17,6.449358,10000,10000,710,10000,710,20
topk,10000,64,20,18,6.096902,10000,10000,710,10000,710,20
topk,10000,64,20,19,6.336882,10000,10000,710,10000,710,20
topk,10000,64,20,20,6.160905,10000,10000,710,10000,710,20
topk,10000,64,20,21,6.188999,10000,10000,710,10000,710,20
topk,10000,64,20,22,6.140306,10000,10000,710,10000,710,20
topk,10000,64,20,23,6.124215,10000,10000,710,10000,710,20
topk,10000,64,20,24,6.019393,10000,10000,710,10000,710,20
topk,10000,64,20,25,6.040504,10000,10000,710,10000,710,20
topk,10000,64,20,26,6.039422,10000,10000,710,10000,710,20
topk,10000,64,20,27,6.022550,10000,10000,710,10000,710,20
topk,10000,64,20,28,6.009144,10000,10000,710,10000,710,20
topk,10000,64,20,29,6.011969,10000,10000,710,10000,710,20
fullsort,10000,64,20,0,8.279087,10000,10000,710,10000,710,20
fullsort,10000,64,20,1,9.516701,10000,10000,710,10000,710,20
fullsort,10000,64,20,2,10.420624,10000,10000,710,10000,710,20
fullsort,10000,64,20,3,8.714341,10000,10000,710,10000,710,20
fullsort,10000,64,20,4,8.697038,10000,10000,710,10000,710,20
fullsort,10000,64,20,5,10.808046,10000,10000,710,10000,710,20
fullsort,10000,64,20,6,9.478247,10000,10000,710,10000,710,20
fullsort,10000,64,20,7,8.052112,10000,10000,710,10000,710,20
fullsort,10000,64,20,8,9.394396,10000,10000,710,10000,710,20
fullsort,10000,64,20,9,10.115809,10000,10000,710,10000,710,20
fullsort,10000,64,20,10,8.275760,10000,10000,710,10000,710,20
fullsort,10000,64,20,11,8.042523,10000,10000,710,10000,710,20
fullsort,10000,64,20,12,8.832638,10000,10000,710,10000,710,20
fullsort,10000,64,20,13,9.471173,10000,10000,710,10000,710,20
fullsort,10000,64,20,14,8.015682,10000,10000,710,10000,710,20
fullsort,10000,64,20,15,8.929234,10000,10000,710,10000,710,20
fullsort,10000,64,20,16,10.938127,10000,10000,710,10000,710,20
fullsort,10000,64,20,17,9.316026,10000,10000,710,10000,710,20
fullsort,10000,64,20,18,8.219854,10000,10000,710,10000,710,20
fullsort,10000,64,20,19,8.162374,10000,10000,710,10000,710,20
fullsort,10000,64,20,20,8.184546,10000,10000,710,10000,710,20
fullsort,10000,64,20,21,8.165800,10000,10000,710,10000,710,20
fullsort,10000,64,20,22,8.099904,10000,10000,710,10000,710,20
fullsort,10000,64,20,23,8.029358,10000,10000,710,10000,710,20
fullsort,10000,64,20,24,8.010702,10000,10000,710,10000,710,20
fullsort,10000,64,20,25,8.241666,10000,10000,710,10000,710,20
fullsort,10000,64,20,26,8.109442,10000,10000,710,10000,710,20
fullsort,10000,64,20,27,8.068603,10000,10000,710,10000,710,20
fullsort,10000,64,20,28,8.012647,10000,10000,710,10000,710,20
fullsort,10000,64,20,29,7.999080,10000,10000,710,10000,710,20
topk,10000,64,50,0,6.000668,10000,10000,710,10000,710,50
topk,10000,64,50,1,5.995819,10000,10000,710,10000,710,50
topk,10000,64,50,2,5.967304,10000,10000,710,10000,710,50
topk,10000,64,50,3,6.142259,10000,10000,710,10000,710,50
topk,10000,64,50,4,6.291816,10000,10000,710,10000,710,50
topk,10000,64,50,5,6.115759,10000,10000,710,10000,710,50
topk,10000,64,50,6,6.069159,10000,10000,710,10000,710,50
topk,10000,64,50,7,5.913792,10000,10000,710,10000,710,50
topk,10000,64,50,8,5.883643,10000,10000,710,10000,710,50
topk,10000,64,50,9,5.877532,10000,10000,710,10000,710,50
topk,10000,64,50,10,5.859818,10000,10000,710,10000,710,50
topk,10000,64,50,11,5.886209,10000,10000,710,10000,710,50
topk,10000,64,50,12,6.200131,10000,10000,710,10000,710,50
topk,10000,64,50,13,5.996891,10000,10000,710,10000,710,50
topk,10000,64,50,14,5.937317,10000,10000,710,10000,710,50
topk,10000,64,50,15,5.918881,10000,10000,710,10000,710,50
topk,10000,64,50,16,5.919933,10000,10000,710,10000,710,50
topk,10000,64,50,17,5.915865,10000,10000,710,10000,710,50
topk,10000,64,50,18,5.916958,10000,10000,710,10000,710,50
topk,10000,64,50,19,5.925834,10000,10000,710,10000,710,50
topk,10000,64,50,20,5.923790,10000,10000,710,10000,710,50
topk,10000,64,50,21,5.948849,10000,10000,710,10000,710,50
topk,10000,64,50,22,5.934571,10000,10000,710,10000,710,50
topk,10000,64,50,23,5.940293,10000,10000,710,10000,710,50
topk,10000,64,50,24,5.914753,10000,10000,710,10000,710,50
topk,10000,64,50,25,5.914854,10000,10000,710,10000,710,50
topk,10000,64,50,26,5.903090,10000,10000,710,10000,710,50
topk,10000,64,50,27,5.934321,10000,10000,710,10000,710,50
topk,10000,64,50,28,5.907078,10000,10000,710,10000,710,50
topk,10000,64,50,29,5.916938,10000,10000,710,10000,710,50
fullsort,10000,64,50,0,8.369922,10000,10000,710,10000,710,50
fullsort,10000,64,50,1,8.178395,10000,10000,710,10000,710,50
fullsort,10000,64,50,2,8.050219,10000,10000,710,10000,710,50
fullsort,10000,64,50,3,9.243537,10000,10000,710,10000,710,50
fullsort,10000,64,50,4,9.814121,10000,10000,710,10000,710,50
fullsort,10000,64,50,5,8.032645,10000,10000,710,10000,710,50
fullsort,10000,64,50,6,8.036673,10000,10000,710,10000,710,50
fullsort,10000,64,50,7,8.082952,10000,10000,710,10000,710,50
fullsort,10000,64,50,8,8.021042,10000,10000,710,10000,710,50
fullsort,10000,64,50,9,7.998549,10000,10000,710,10000,710,50
fullsort,10000,64,50,10,8.039047,10000,10000,710,10000,710,50
fullsort,10000,64,50,11,8.031463,10000,10000,710,10000,710,50
fullsort,10000,64,50,12,8.090015,10000,10000,710,10000,710,50
fullsort,10000,64,50,13,8.022115,10000,10000,710,10000,710,50
fullsort,10000,64,50,14,8.118269,10000,10000,710,10000,710,50
fullsort,10000,64,50,15,8.065969,10000,10000,710,10000,710,50
fullsort,10000,64,50,16,8.140401,10000,10000,710,10000,710,50
fullsort,10000,64,50,17,8.089655,10000,10000,710,10000,710,50
fullsort,10000,64,50,18,8.045068,10000,10000,710,10000,710,50
fullsort,10000,64,50,19,8.038556,10000,10000,710,10000,710,50
fullsort,10000,64,50,20,8.039207,10000,10000,710,10000,710,50
fullsort,10000,64,50,21,8.039719,10000,10000,710,10000,710,50
fullsort,10000,64,50,22,8.190528,10000,10000,710,10000,710,50
fullsort,10000,64,50,23,8.100786,10000,10000,710,10000,710,50
fullsort,10000,64,50,24,8.037474,10000,10000,710,10000,710,50
fullsort,10000,64,50,25,8.078493,10000,10000,710,10000,710,50
fullsort,10000,64,50,26,8.038617,10000,10000,710,10000,710,50
fullsort,10000,64,50,27,8.006585,10000,10000,710,10000,710,50
fullsort,10000,64,50,28,8.050930,10000,10000,710,10000,710,50
fullsort,10000,64,50,29,8.018909,10000,10000,710,10000,710,50
topk,10000,128,10,0,10.763262,10000,10000,1429,10000,1429,10
topk,10000,128,10,1,10.657139,10000,10000,1429,10000,1429,10
topk,10000,128,10,2,10.568931,10000,10000,1429,10000,1429,10
topk,10000,128,10,3,10.335733,10000,10000,1429,10000,1429,10
topk,10000,128,10,4,10.314132,10000,10000,1429,10000,1429,10
topk,10000,128,10,5,10.291929,10000,10000,1429,10000,1429,10
topk,10000,128,10,6,10.255038,10000,10000,1429,10000,1429,10
topk,10000,128,10,7,10.269626,10000,10000,1429,10000,1429,10
topk,10000,128,10,8,10.295175,10000,10000,1429,10000,1429,10
topk,10000,128,10,9,10.386140,10000,10000,1429,10000,1429,10
topk,10000,128,10,10,10.370439,10000,10000,1429,10000,1429,10
topk,10000,128,10,11,10.348247,10000,10000,1429,10000,1429,10
topk,10000,128,10,12,10.271399,10000,10000,1429,10000,1429,10
topk,10000,128,10,13,10.376070,10000,10000,1429,10000,1429,10
topk,10000,128,10,14,10.288973,10000,10000,1429,10000,1429,10
topk,10000,128,10,15,10.291478,10000,10000,1429,10000,1429,10
topk,10000,128,10,16,10.325143,10000,10000,1429,10000,1429,10
topk,10000,128,10,17,10.255499,10000,10000,1429,10000,1429,10
topk,10000,128,10,18,10.269676,10000,10000,1429,10000,1429,10
topk,10000,128,10,19,10.317107,10000,10000,1429,10000,1429,10
topk,10000,128,10,20,10.267341,10000,10000,1429,10000,1429,10
topk,10000,128,10,21,10.307509,10000,10000,1429,10000,1429,10
topk,10000,128,10,22,10.276089,10000,10000,1429,10000,1429,10
topk,10000,128,10,23,10.343488,10000,10000,1429,10000,1429,10
topk,10000,128,10,24,10.769345,10000,10000,1429,10000,1429,10
topk,10000,128,10,25,10.664533,10000,10000,1429,10000,1429,10
topk,10000,128,10,26,10.539233,10000,10000,1429,10000,1429,10
topk,10000,128,10,27,10.360821,10000,10000,1429,10000,1429,10
topk,10000,128,10,28,10.319522,10000,10000,1429,10000,1429,10
topk,10000,128,10,29,10.252944,10000,10000,1429,10000,1429,10
fullsort,10000,128,10,0,13.187252,10000,10000,1429,10000,1429,10
fullsort,10000,128,10,1,12.902836,10000,10000,1429,10000,1429,10
fullsort,10000,128,10,2,12.493000,10000,10000,1429,10000,1429,10
fullsort,10000,128,10,3,12.604615,10000,10000,1429,10000,1429,10
fullsort,10000,128,10,4,12.614553,10000,10000,1429,10000,1429,10
fullsort,10000,128,10,5,12.614403,10000,10000,1429,10000,1429,10
fullsort,10000,128,10,6,12.640774,10000,10000,1429,10000,1429,10
fullsort,10000,128,10,7,12.526615,10000,10000,1429,10000,1429,10
fullsort,10000,128,10,8,12.619633,10000,10000,1429,10000,1429,10
fullsort,10000,128,10,9,12.754632,10000,10000,1429,10000,1429,10
fullsort,10000,128,10,10,12.491988,10000,10000,1429,10000,1429,10
fullsort,10000,128,10,11,12.492138,10000,10000,1429,10000,1429,10
fullsort,10000,128,10,12,13.095746,10000,10000,1429,10000,1429,10
fullsort,10000,128,10,13,13.244401,10000,10000,1429,10000,1429,10
fullsort,10000,128,10,14,12.690188,10000,10000,1429,10000,1429,10
fullsort,10000,128,10,15,12.681371,10000,10000,1429,10000,1429,10
fullsort,10000,128,10,16,12.677163,10000,10000,1429,10000,1429,10
fullsort,10000,128,10,17,12.506275,10000,10000,1429,10000,1429,10
fullsort,10000,128,10,18,12.569386,10000,10000,1429,10000,1429,10
fullsort,10000,128,10,19,12.509983,10000,10000,1429,10000,1429,10
fullsort,10000,128,10,20,12.660562,10000,10000,1429,10000,1429,10
fullsort,10000,128,10,21,12.469776,10000,10000,1429,10000,1429,10
fullsort,10000,128,10,22,12.616136,10000,10000,1429,10000,1429,10
fullsort,10000,128,10,23,12.512297,10000,10000,1429,10000,1429,10
fullsort,10000,128,10,24,12.515804,10000,10000,1429,10000,1429,10
fullsort,10000,128,10,25,12.744753,10000,10000,1429,10000,1429,10
fullsort,10000,128,10,26,12.534259,10000,10000,1429,10000,1429,10
fullsort,10000,128,10,27,12.709546,10000,10000,1429,10000,1429,10
fullsort,10000,128,10,28,12.482090,10000,10000,1429,10000,1429,10
fullsort,10000,128,10,29,12.503480,10000,10000,1429,10000,1429,10
topk,10000,256,10,0,21.020924,10000,10000,3334,10000,3334,10
topk,10000,256,10,1,21.046132,10000,10000,3334,10000,3334,10
topk,10000,256,10,2,20.799920,10000,10000,3334,10000,3334,10
topk,10000,256,10,3,20.940169,10000,10000,3334,10000,3334,10
topk,10000,256,10,4,20.923147,10000,10000,3334,10000,3334,10
topk,10000,256,10,5,21.154972,10000,10000,3334,10000,3334,10
topk,10000,256,10,6,20.837743,10000,10000,3334,10000,3334,10
topk,10000,256,10,7,20.893009,10000,10000,3334,10000,3334,10
topk,10000,256,10,8,20.760044,10000,10000,3334,10000,3334,10
topk,10000,256,10,9,20.748582,10000,10000,3334,10000,3334,10
topk,10000,256,10,10,20.801814,10000,10000,3334,10000,3334,10
topk,10000,256,10,11,20.990295,10000,10000,3334,10000,3334,10
topk,10000,256,10,12,21.071952,10000,10000,3334,10000,3334,10
topk,10000,256,10,13,20.917807,10000,10000,3334,10000,3334,10
topk,10000,256,10,14,21.216911,10000,10000,3334,10000,3334,10
topk,10000,256,10,15,21.318666,10000,10000,3334,10000,3334,10
topk,10000,256,10,16,21.503059,10000,10000,3334,10000,3334,10
topk,10000,256,10,17,21.577693,10000,10000,3334,10000,3334,10
topk,10000,256,10,18,21.695569,10000,10000,3334,10000,3334,10
topk,10000,256,10,19,21.343102,10000,10000,3334,10000,3334,10
topk,10000,256,10,20,21.208335,10000,10000,3334,10000,3334,10
topk,10000,256,10,21,21.123852,10000,10000,3334,10000,3334,10
topk,10000,256,10,22,21.206691,10000,10000,3334,10000,3334,10
topk,10000,256,10,23,21.072543,10000,10000,3334,10000,3334,10
topk,10000,256,10,24,21.173768,10000,10000,3334,10000,3334,10
topk,10000,256,10,25,21.198997,10000,10000,3334,10000,3334,10
topk,10000,256,10,26,21.233904,10000,10000,3334,10000,3334,10
topk,10000,256,10,27,20.810552,10000,10000,3334,10000,3334,10
topk,10000,256,10,28,20.826712,10000,10000,3334,10000,3334,10
topk,10000,256,10,29,20.892889,10000,10000,3334,10000,3334,10
fullsort,10000,256,10,0,26.349777,10000,10000,3334,10000,3334,10
fullsort,10000,256,10,1,25.709138,10000,10000,3334,10000,3334,10
fullsort,10000,256,10,2,25.202075,10000,10000,3334,10000,3334,10
fullsort,10000,256,10,3,25.030857,10000,10000,3334,10000,3334,10
fullsort,10000,256,10,4,24.717375,10000,10000,3334,10000,3334,10
fullsort,10000,256,10,5,24.620240,10000,10000,3334,10000,3334,10
fullsort,10000,256,10,6,24.798241,10000,10000,3334,10000,3334,10
fullsort,10000,256,10,7,24.734198,10000,10000,3334,10000,3334,10
fullsort,10000,256,10,8,24.718698,10000,10000,3334,10000,3334,10
fullsort,10000,256,10,9,24.815513,10000,10000,3334,10000,3334,10
fullsort,10000,256,10,10,24.857735,10000,10000,3334,10000,3334,10
fullsort,10000,256,10,11,25.306145,10000,10000,3334,10000,3334,10
fullsort,10000,256,10,12,25.221813,10000,10000,3334,10000,3334,10
fullsort,10000,256,10,13,25.018333,10000,10000,3334,10000,3334,10
fullsort,10000,256,10,14,24.723618,10000,10000,3334,10000,3334,10
fullsort,10000,256,10,15,24.672620,10000,10000,3334,10000,3334,10
fullsort,10000,256,10,16,24.891119,10000,10000,3334,10000,3334,10
fullsort,10000,256,10,17,25.083378,10000,10000,3334,10000,3334,10
fullsort,10000,256,10,18,24.917951,10000,10000,3334,10000,3334,10
fullsort,10000,256,10,19,24.669053,10000,10000,3334,10000,3334,10
fullsort,10000,256,10,20,24.513204,10000,10000,3334,10000,3334,10
fullsort,10000,256,10,21,24.545767,10000,10000,3334,10000,3334,10
fullsort,10000,256,10,22,25.247122,10000,10000,3334,10000,3334,10
fullsort,10000,256,10,23,26.162147,10000,10000,3334,10000,3334,10
fullsort,10000,256,10,24,25.100361,10000,10000,3334,10000,3334,10
fullsort,10000,256,10,25,25.325963,10000,10000,3334,10000,3334,10
fullsort,10000,256,10,26,25.111191,10000,10000,3334,10000,3334,10
fullsort,10000,256,10,27,25.708708,10000,10000,3334,10000,3334,10
fullsort,10000,256,10,28,25.552428,10000,10000,3334,10000,3334,10
fullsort,10000,256,10,29,25.143855,10000,10000,3334,10000,3334,10
topk,50000,64,10,0,30.729885,50000,50000,3567,50000,3567,10
topk,50000,64,10,1,30.582853,50000,50000,3567,50000,3567,10
topk,50000,64,10,2,30.440771,50000,50000,3567,50000,3567,10
topk,50000,64,10,3,30.355808,50000,50000,3567,50000,3567,10
topk,50000,64,10,4,30.498611,50000,50000,3567,50000,3567,10
topk,50000,64,10,5,30.347441,50000,50000,3567,50000,3567,10
topk,50000,64,10,6,30.414349,50000,50000,3567,50000,3567,10
topk,50000,64,10,7,30.414390,50000,50000,3567,50000,3567,10
topk,50000,64,10,8,30.344346,50000,50000,3567,50000,3567,10
topk,50000,64,10,9,30.100738,50000,50000,3567,50000,3567,10
topk,50000,64,10,10,30.370405,50000,50000,3567,50000,3567,10
topk,50000,64,10,11,30.349896,50000,50000,3567,50000,3567,10
topk,50000,64,10,12,30.278148,50000,50000,3567,50000,3567,10
topk,50000,64,10,13,30.377499,50000,50000,3567,50000,3567,10
topk,50000,64,10,14,30.635785,50000,50000,3567,50000,3567,10
topk,50000,64,10,15,30.577011,50000,50000,3567,50000,3567,10
topk,50000,64,10,16,30.371137,50000,50000,3567,50000,3567,10
topk,50000,64,10,17,30.168798,50000,50000,3567,50000,3567,10
topk,50000,64,10,18,30.086461,50000,50000,3567,50000,3567,10
topk,50000,64,10,19,30.155634,50000,50000,3567,50000,3567,10
topk,50000,64,10,20,30.309709,50000,50000,3567,50000,3567,10
topk,50000,64,10,21,30.497469,50000,50000,3567,50000,3567,10
topk,50000,64,10,22,30.269352,50000,50000,3567,50000,3567,10
topk,50000,64,10,23,30.157527,50000,50000,3567,50000,3567,10
topk,50000,64,10,24,29.979696,50000,50000,3567,50000,3567,10
topk,50000,64,10,25,30.108273,50000,50000,3567,50000,3567,10
topk,50000,64,10,26,30.118843,50000,50000,3567,50000,3567,10
topk,50000,64,10,27,30.633961,50000,50000,3567,50000,3567,10
topk,50000,64,10,28,30.437775,50000,50000,3567,50000,3567,10
topk,50000,64,10,29,30.514392,50000,50000,3567,50000,3567,10
fullsort,50000,64,10,0,47.404021,50000,50000,3567,50000,3567,10
fullsort,50000,64,10,1,47.849997,50000,50000,3567,50000,3567,10
fullsort,50000,64,10,2,49.960566,50000,50000,3567,50000,3567,10
fullsort,50000,64,10,3,44.359078,50000,50000,3567,50000,3567,10
fullsort,50000,64,10,4,44.667109,50000,50000,3567,50000,3567,10
fullsort,50000,64,10,5,44.158754,50000,50000,3567,50000,3567,10
fullsort,50000,64,10,6,43.443121,50000,50000,3567,50000,3567,10
fullsort,50000,64,10,7,44.167600,50000,50000,3567,50000,3567,10
fullsort,50000,64,10,8,45.820693,50000,50000,3567,50000,3567,10
fullsort,50000,64,10,9,45.769415,50000,50000,3567,50000,3567,10
fullsort,50000,64,10,10,45.493766,50000,50000,3567,50000,3567,10
fullsort,50000,64,10,11,43.879127,50000,50000,3567,50000,3567,10
fullsort,50000,64,10,12,44.879697,50000,50000,3567,50000,3567,10
fullsort,50000,64,10,13,43.245311,50000,50000,3567,50000,3567,10
fullsort,50000,64,10,14,44.555455,50000,50000,3567,50000,3567,10
fullsort,50000,64,10,15,43.328381,50000,50000,3567,50000,3567,10
fullsort,50000,64,10,16,46.806825,50000,50000,3567,50000,3567,10
fullsort,50000,64,10,17,44.503094,50000,50000,3567,50000,3567,10
fullsort,50000,64,10,18,44.771770,50000,50000,3567,50000,3567,10
fullsort,50000,64,10,19,44.063631,50000,50000,3567,50000,3567,10
fullsort,50000,64,10,20,45.829400,50000,50000,3567,50000,3567,10
fullsort,50000,64,10,21,46.350090,50000,50000,3567,50000,3567,10
fullsort,50000,64,10,22,45.899074,50000,50000,3567,50000,3567,10
fullsort,50000,64,10,23,52.623668,50000,50000,3567,50000,3567,10
fullsort,50000,64,10,24,45.840371,50000,50000,3567,50000,3567,10
fullsort,50000,64,10,25,43.638777,50000,50000,3567,50000,3567,10
fullsort,50000,64,10,26,44.380631,50000,50000,3567,50000,3567,10
fullsort,50000,64,10,27,43.880291,50000,50000,3567,50000,3567,10
fullsort,50000,64,10,28,43.395901,50000,50000,3567,50000,3567,10
fullsort,50000,64,10,29,43.860833,50000,50000,3567,50000,3567,10
topk,100000,64,10,0,62.519744,100000,100000,7139,100000,7139,10
topk,100000,64,10,1,62.680352,100000,100000,7139,100000,7139,10
topk,100000,64,10,2,62.488804,100000,100000,7139,100000,7139,10
topk,100000,64,10,3,62.309811,100000,100000,7139,100000,7139,10
topk,100000,64,10,4,62.529062,100000,100000,7139,100000,7139,10
topk,100000,64,10,5,62.524523,100000,100000,7139,100000,7139,10
topk,100000,64,10,6,62.300162,100000,100000,7139,100000,7139,10
topk,100000,64,10,7,62.371620,100000,100000,7139,100000,7139,10
topk,100000,64,10,8,63.127091,100000,100000,7139,100000,7139,10
topk,100000,64,10,9,62.934991,100000,100000,7139,100000,7139,10
topk,100000,64,10,10,63.057076,100000,100000,7139,100000,7139,10
topk,100000,64,10,11,63.056865,100000,100000,7139,100000,7139,10
topk,100000,64,10,12,63.188388,100000,100000,7139,100000,7139,10
topk,100000,64,10,13,63.250087,100000,100000,7139,100000,7139,10
topk,100000,64,10,14,63.063839,100000,100000,7139,100000,7139,10
topk,100000,64,10,15,63.074650,100000,100000,7139,100000,7139,10
topk,100000,64,10,16,63.059171,100000,100000,7139,100000,7139,10
topk,100000,64,10,17,63.181656,100000,100000,7139,100000,7139,10
topk,100000,64,10,18,63.394024,100000,100000,7139,100000,7139,10
topk,100000,64,10,19,63.161237,100000,100000,7139,100000,7139,10
topk,100000,64,10,20,63.473927,100000,100000,7139,100000,7139,10
topk,100000,64,10,21,63.556967,100000,100000,7139,100000,7139,10
topk,100000,64,10,22,64.413452,100000,100000,7139,100000,7139,10
topk,100000,64,10,23,63.247362,100000,100000,7139,100000,7139,10
topk,100000,64,10,24,63.225250,100000,100000,7139,100000,7139,10
topk,100000,64,10,25,63.097264,100000,100000,7139,100000,7139,10
topk,100000,64,10,26,62.975631,100000,100000,7139,100000,7139,10
topk,100000,64,10,27,63.041197,100000,100000,7139,100000,7139,10
topk,100000,64,10,28,63.176276,100000,100000,7139,100000,7139,10
topk,100000,64,10,29,62.918911,100000,100000,7139,100000,7139,10
fullsort,100000,64,10,0,106.984889,100000,100000,7139,100000,7139,10
fullsort,100000,64,10,1,103.395425,100000,100000,7139,100000,7139,10
fullsort,100000,64,10,2,102.844939,100000,100000,7139,100000,7139,10
fullsort,100000,64,10,3,102.566303,100000,100000,7139,100000,7139,10
fullsort,100000,64,10,4,100.018781,100000,100000,7139,100000,7139,10
fullsort,100000,64,10,5,102.114896,100000,100000,7139,100000,7139,10
fullsort,100000,64,10,6,101.033830,100000,100000,7139,100000,7139,10
fullsort,100000,64,10,7,99.824398,100000,100000,7139,100000,7139,10
fullsort,100000,64,10,8,101.847724,100000,100000,7139,100000,7139,10
fullsort,100000,64,10,9,102.923009,100000,100000,7139,100000,7139,10
fullsort,100000,64,10,10,101.302498,100000,100000,7139,100000,7139,10
fullsort,100000,64,10,11,103.219209,100000,100000,7139,100000,7139,10
fullsort,100000,64,10,12,103.102074,100000,100000,7139,100000,7139,10
fullsort,100000,64,10,13,103.751912,100000,100000,7139,100000,7139,10
fullsort,100000,64,10,14,99.793160,100000,100000,7139,100000,7139,10
fullsort,100000,64,10,15,99.788871,100000,100000,7139,100000,7139,10
fullsort,100000,64,10,16,103.687699,100000,100000,7139,100000,7139,10
fullsort,100000,64,10,17,98.938698,100000,100000,7139,100000,7139,10
fullsort,100000,64,10,18,101.959129,100000,100000,7139,100000,7139,10
fullsort,100000,64,10,19,102.653914,100000,100000,7139,100000,7139,10
fullsort,100000,64,10,20,100.832066,100000,100000,7139,100000,7139,10
fullsort,100000,64,10,21,104.542613,100000,100000,7139,100000,7139,10
fullsort,100000,64,10,22,99.353296,100000,100000,7139,100000,7139,10
fullsort,100000,64,10,23,100.873977,100000,100000,7139,100000,7139,10
fullsort,100000,64,10,24,102.710995,100000,100000,7139,100000,7139,10
fullsort,100000,64,10,25,99.860701,100000,100000,7139,100000,7139,10
fullsort,100000,64,10,26,101.618246,100000,100000,7139,100000,7139,10
fullsort,100000,64,10,27,100.430996,100000,100000,7139,100000,7139,10
fullsort,100000,64,10,28,99.547519,100000,100000,7139,100000,7139,10
fullsort,100000,64,10,29,101.160669,100000,100000,7139,100000,7139,10
